{"stats":{"minecraft:broken":{"minecraft:iron_boots":1,"minecraft:stone_pickaxe":1,"minecraft:chainmail_chestplate":1,"minecraft:iron_pickaxe":2,"minecraft:iron_helmet":1},"minecraft:picked_up":{"minecraft:iron_chestplate":1,"minecraft:charcoal":8,"minecraft:crafting_table":4,"minecraft:wheat":6,"minecraft:chainmail_boots":1,"minecraft:redstone_block":4,"minecraft:chicken":8,"luminousworld:bao_bob_wood":11,"minecraft:gold_block":1,"minecraft:golden_shovel":1,"minecraft:stone_brick_stairs":46,"tombstone:grave_key":2,"minecraft:chain":1,"minecraft:amethyst_block":3,"born_in_chaos_v1:black_argillite":2,"alexsmobs:gazelle_horn":1,"minecraft:string":5,"minecraft:sticky_piston":9,"minecraft:item_frame":1,"minecraft:experience_bottle":1,"minecraft:cracked_stone_bricks":66,"minecraft:cobbled_deepslate":11,"minecraft:calcite":1,"minecraft:iron_pickaxe":4,"aether:gravitite_sword":1,"minecraft:mangrove_log":1,"minecraft:furnace":1,"minecraft:stick":6,"minecraft:raw_iron":34,"minecraft:stone":2,"ecologics:coconut_slice":3,"minecraft:torch":17,"minecraft:acacia_log":12,"luminousworld:savannah_soil":17,"tombstone:grave_dust":1,"minecraft:diorite":5,"minecraft:redstone":42,"minecraft:rabbit_foot":2,"minecraft:dark_oak_planks":1,"luminousworld:baobab_plank":7,"iceandfire:armor_silver_metal_boots":1,"minecraft:diamond_chestplate":1,"minecraft:arrow":6,"minecraft:rotten_flesh":4,"minecraft:hay_block":19,"minecraft:yellow_terracotta":3,"minecraft:gold_ingot":2,"supplementaries:ash":4,"quark:acacia_ladder":24,"alexsmobs:flying_fish":1,"minecraft:cobblestone":161,"minecraft:birch_log":12,"born_in_chaos_v1:corpse_maggot":2,"iceandfire:dragonegg_green":1,"luminousworld:savannah_ground":3,"minecraft:repeater":4,"minecraft:andesite":16,"luminousworld:ishstone":2,"minecraft:potato":8,"minecraft:chainmail_chestplate":1,"supplementaries:flax_seeds":1,"minecraft:yellow_bed":2,"minecraft:gunpowder":9,"minecraft:dirt":16,"minecraft:cooked_mutton":1,"minecraft:bone":10,"minecraft:stone_bricks":80,"minecraft:bow":1,"minecraft:wheat_seeds":11,"minecraft:raw_gold":14,"minecraft:rabbit_hide":5,"minecraft:iron_ingot":1,"minecraft:mossy_stone_bricks":109,"minecraft:glass_bottle":1,"minecraft:iron_sword":2,"minecraft:oak_planks":2,"minecraft:smooth_basalt":2,"minecraft:stone_brick_slab":32,"born_in_chaos_v1:ethereal_spirit":3,"minecraft:gravel":16,"minecraft:sand":5,"born_in_chaos_v1:dark_rod":1,"minecraft:trapped_chest":1,"naturalist:duck_egg":1,"minecraft:leather_helmet":1,"luminousworld:baobab_door":1,"minecraft:stone_axe":2,"minecraft:lever":4,"minecraft:granite":3,"minecraft:bread":1,"minecraft:emerald":8,"luminousworld:bao_bob_log":46,"minecraft:coal":73,"iceandfire:raw_silver":12},"minecraft:used":{"tombstone:scroll_of_lightning_resistance":1,"minecraft:stone_sword":102,"minecraft:chest":1,"minecraft:shield":10,"minecraft:iron_sword":122,"minecraft:stick":11,"minecraft:torch":90,"minecraft:dirt":9,"luminousworld:baobab_door":3,"minecraft:stone_brick_slab":2,"minecraft:iron_helmet":1,"minecraft:iron_boots":1,"minecraft:stone_brick_stairs":10,"minecraft:stone_bricks":178,"quark:acacia_ladder":9,"minecraft:furnace":2,"tombstone:gift":4,"minecraft:trapped_chest":1,"minecraft:cooked_mutton":1,"minecraft:stone_pickaxe":136,"minecraft:wooden_pickaxe":15,"minecraft:cracked_stone_bricks":2,"luminousworld:baobab_plank":7,"minecraft:sand":5,"quark:acacia_chest":1,"minecraft:crafting_table":5,"minecraft:white_bed":1,"minecraft:bread":38,"minecraft:iron_pickaxe":704,"minecraft:stone_axe":114,"ecologics:coconut_slice":3,"minecraft:cobblestone":38,"minecraft:yellow_bed":2,"minecraft:golden_pickaxe":11,"minecraft:experience_bottle":1},"minecraft:mined":{"minecraft:dark_oak_planks":3,"minecraft:yellow_terracotta":4,"iceandfire:silver_ore":12,"alexsmobs:leafcutter_anthill":1,"minecraft:jungle_leaves":2,"placeablesmod:bread_slice_block":2,"minecraft:lever":4,"minecraft:granite":7,"luminousworld:bao_bob_wood":16,"minecraft:acacia_log":10,"minecraft:grass_block":2,"born_in_chaos_v1:black_argillite":2,"minecraft:redstone_wire":39,"luminousworld:baobab_plank":12,"minecraft:hay_block":19,"minecraft:iron_ore":27,"minecraft:sticky_piston":9,"minecraft:andesite":11,"minecraft:gold_block":1,"supplementaries:stick":6,"minecraft:vine":3,"minecraft:stone":218,"minecraft:piston_head":1,"luminousworld:savannah_soil":20,"minecraft:acacia_leaves":1,"minecraft:redstone_block":4,"luminousworld:baobab_door":1,"minecraft:stone_brick_slab":45,"minecraft:crafting_table":5,"minecraft:torch":2,"minecraft:calcite":1,"minecraft:campfire":4,"luminousworld:grassflowers":1,"supplementaries:wild_flax":1,"minecraft:cobblestone":25,"minecraft:oak_planks":3,"minecraft:diorite":45,"minecraft:wall_torch":11,"minecraft:amethyst_block":3,"supplementaries:urn":3,"minecraft:repeater":4,"minecraft:birch_log":10,"minecraft:wheat":3,"minecraft:birch_leaves":1,"luminousworld:bao_bob_log":45,"minecraft:stone_brick_stairs":20,"minecraft:yellow_bed":2,"minecraft:grass":10,"minecraft:coal_ore":45,"luminousworld:ishstone":5,"luminousworld:bao_bab_leaves":2,"minecraft:dirt":10,"minecraft:sand":8,"minecraft:cobweb":4,"minecraft:smooth_basalt":2,"minecraft:cracked_stone_bricks":78,"born_in_chaos_v1:infernal_evil_pumpkin_s":1,"minecraft:stone_bricks":78,"minecraft:mossy_stone_bricks":116,"minecraft:gold_ore":15,"minecraft:deepslate":12,"minecraft:fern":2,"luminousworld:savannah_ground":3},"minecraft:custom":{"minecraft:mob_kills":35,"minecraft:interact_with_crafting_table":30,"minecraft:open_barrel":17,"minecraft:damage_dealt_resisted":242,"minecraft:leave_game":9,"minecraft:time_since_death":18662,"minecraft:climb_one_cm":4114,"minecraft:sprint_one_cm":312471,"minecraft:walk_one_cm":579757,"minecraft:damage_blocked_by_shield":430,"minecraft:drop":58,"minecraft:play_time":206545,"minecraft:deaths":22,"minecraft:sneak_time":1195,"minecraft:walk_under_water_one_cm":21685,"minecraft:jump":1610,"minecraft:walk_on_water_one_cm":33947,"minecraft:total_world_time":206545,"minecraft:interact_with_furnace":26,"minecraft:sleep_in_bed":3,"minecraft:time_since_rest":16263,"minecraft:damage_taken":2147483647,"minecraft:trigger_trapped_chest":5,"minecraft:damage_dealt":9879,"minecraft:player_kills":1,"minecraft:swim_one_cm":29202,"minecraft:fly_one_cm":187579,"minecraft:open_chest":34,"minecraft:crouch_one_cm":2483,"tombstone:undead_killed":18,"minecraft:fall_one_cm":36259},"minecraft:dropped":{"minecraft:bread":3,"minecraft:wheat_seeds":11,"minecraft:yellow_terracotta":3,"minecraft:cobblestone":34,"minecraft:granite":3,"minecraft:item_frame":1,"minecraft:dirt":4,"born_in_chaos_v1:black_argillite":2,"minecraft:diorite":4,"tombstone:grave_key":1,"luminousworld:savannah_ground":3,"minecraft:chain":1,"minecraft:wooden_sword":1,"minecraft:iron_pickaxe":2,"minecraft:string":1,"minecraft:acacia_planks":1,"minecraft:smooth_basalt":2,"minecraft:gravel":16,"minecraft:stone_axe":2,"alexsmobs:gazelle_horn":1,"minecraft:stone_sword":1,"minecraft:rotten_flesh":2,"luminousworld:savannah_soil":2,"minecraft:golden_shovel":1,"supplementaries:flax_seeds":1,"supplementaries:ash":4,"aether:iron_gloves":1,"minecraft:andesite":11,"minecraft:chainmail_boots":1,"minecraft:wooden_pickaxe":1,"minecraft:stone_brick_stairs":28,"minecraft:calcite":1},"minecraft:crafted":{"minecraft:wooden_sword":1,"minecraft:furnace":1,"luminousworld:baobab_door":3,"minecraft:stone":128,"quark:acacia_ladder":4,"quark:acacia_chest":1,"minecraft:iron_boots":1,"minecraft:stone_pickaxe":1,"minecraft:chest":1,"minecraft:stone_bricks":128,"minecraft:wheat":171,"iceandfire:silver_ingot":6,"minecraft:crafting_table":1,"minecraft:wooden_pickaxe":1,"minecraft:iron_helmet":1,"minecraft:iron_sword":1,"minecraft:mangrove_planks":4,"minecraft:birch_planks":8,"minecraft:stone_axe":1,"minecraft:bread":59,"minecraft:stone_brick_stairs":20,"minecraft:shield":1,"minecraft:stick":52,"minecraft:iron_ingot":34,"minecraft:iron_pickaxe":1,"minecraft:stone_sword":1,"minecraft:white_bed":1,"minecraft:acacia_planks":48,"minecraft:torch":88,"luminousworld:baobab_plank":16},"minecraft:killed":{"earthmobsmod:jumbo_rabbit":2,"born_in_chaos_v1:restless_spirit":1,"born_in_chaos_v1:zombie_lumberjack":2,"minecraft:spider":1,"luminousworld:sunken_skeleton":1,"born_in_chaos_v1:maggot":2,"minecraft:skeleton":5,"undead_revamp2:sucker":1,"luminousworld:savannah_zombie":1,"alexsmobs:kangaroo":1,"born_in_chaos_v1:baby_skeleton":1,"enemyexpansion:sprinter":1,"minecraft:zombie":5,"endermanoverhaul:cave_enderman":4,"alexsmobs:gazelle":1,"born_in_chaos_v1:dark_vortex":1,"undead_revamp2:theskeeper":1,"alexsmobs:komodo_dragon":1,"enemyexpansion:slugger":1},"minecraft:killed_by":{"minecraft:husk":2,"undead_revamp2:sucker":1,"endermanoverhaul:cave_enderman":2,"minecraft:spider":1,"undead_revamp2:thesomnolence":1,"enemyexpansion:vampire":1,"iceandfire:gorgon":1,"undead_revamp2:therod":1,"born_in_chaos_v1:sir_pumpkinhead":1,"minecraft:skeleton":1,"iceandfire:lightning_dragon":1,"minecraft:zombie":1,"alexsmobs:kangaroo":1,"alexsmobs:komodo_dragon":1,"enemyexpansion:vampflyer":2,"born_in_chaos_v1:maggot":3,"enemyexpansion:invisicreeper":1}},"DataVersion":3465}