{"stats":{"minecraft:killed_by":{"undead_revamp2:sucker":1,"undead_revamp2:the_moonflower":1,"minecraft:zombie":1,"born_in_chaos_v1:firelight_not_despawn":1,"enemyexpansion:invisicreeper":1,"minecraft:husk":3,"minecraft:player":1,"minecraft:iron_golem":1,"born_in_chaos_v1:zombie_clown":1,"enemyexpansion:vampire":1,"iceandfire:gorgon":4,"minecraft:skeleton":2,"iceandfire:lightning_dragon":3,"alexsmobs:kangaroo":5,"luminousworld:savannah_zombie":1,"born_in_chaos_v1:maggot":1,"luminousworld:savannah_skeleton":2},"minecraft:crafted":{"minecraft:oak_planks":12,"aether:iron_ring":1,"minecraft:cooked_chicken":7,"minecraft:stone":110,"minecraft:cooked_mutton":4,"quark:acacia_ladder":24,"minecraft:emerald":2,"minecraft:cooked_porkchop":6,"minecraft:crafting_table":2,"minecraft:wooden_pickaxe":2,"minecraft:iron_helmet":1,"minecraft:iron_chestplate":1,"minecraft:shield":1,"minecraft:stick":160,"minecraft:iron_ingot":46,"minecraft:iron_pickaxe":2,"minecraft:stone_sword":1,"minecraft:wooden_sword":2,"minecraft:furnace":3,"quark:acacia_chest":5,"minecraft:stone_pickaxe":2,"iceandfire:armor_silver_metal_boots":1,"iceandfire:silver_ingot":5,"minecraft:iron_sword":1,"minecraft:cooked_salmon":6,"minecraft:stone_axe":1,"aether:iron_gloves":1,"minecraft:wooden_axe":1,"minecraft:iron_leggings":1,"minecraft:acacia_planks":128,"luminousworld:baobab_plank":264},"minecraft:custom":{"minecraft:interact_with_crafting_table":32,"minecraft:open_barrel":24,"minecraft:leave_game":3,"minecraft:time_since_death":7959,"minecraft:sprint_one_cm":774894,"minecraft:damage_blocked_by_shield":120,"minecraft:drop":149,"minecraft:talked_to_villager":10,"minecraft:play_time":414975,"minecraft:deaths":36,"minecraft:jump":4517,"minecraft:walk_on_water_one_cm":47152,"minecraft:interact_with_furnace":66,"minecraft:traded_with_villager":2,"minecraft:sleep_in_bed":10,"minecraft:damage_dealt":12161,"minecraft:crouch_one_cm":5454,"tombstone:undead_killed":18,"tombstone:villager_killed":1,"minecraft:mob_kills":55,"minecraft:damage_dealt_resisted":86,"minecraft:climb_one_cm":15867,"minecraft:walk_one_cm":735042,"minecraft:sneak_time":2329,"minecraft:walk_under_water_one_cm":10932,"minecraft:total_world_time":414975,"minecraft:tune_noteblock":12,"minecraft:time_since_rest":7620,"minecraft:damage_taken":2147483647,"minecraft:trigger_trapped_chest":3,"minecraft:swim_one_cm":40070,"minecraft:fly_one_cm":1773070,"minecraft:open_chest":82,"minecraft:fall_one_cm":116421},"minecraft:used":{"naturalist:cooked_catfish":1,"minecraft:chest":2,"minecraft:shield":3,"minecraft:iron_sword":320,"luminousworld:frost_golem_spawn_egg":2,"minecraft:mutton":1,"minecraft:carrot":1,"minecraft:snowball":16,"iceandfire:dragonegg_green":4,"minecraft:villager_spawn_egg":22,"minecraft:stone_bricks":6,"supplementaries:ash":140,"minecraft:furnace":4,"naturalist:teddy_bear":11,"luminousworld:clovers_1":4,"minecraft:mossy_stone_bricks":1,"twilightforest:fiery_sword":48,"minecraft:stone_pickaxe":235,"minecraft:oak_planks":3,"minecraft:wooden_pickaxe":45,"twilightforest:steeleaf_sword":14,"naturalist:duck_egg":2,"luminousworld:baobab_plank":32,"minecraft:melon_slice":34,"mutantmonsters:mutant_snow_golem_spawn_egg":4,"minecraft:wooden_sword":123,"minecraft:andesite":1,"minecraft:tropical_fish_bucket":2,"minecraft:stone_sword":87,"minecraft:flint_and_steel":6,"minecraft:tropical_fish":1,"born_in_chaos_v1:ethereal_spirit":12,"luminousworld:bao_bob_log":7,"minecraft:cooked_salmon":6,"minecraft:cooked_chicken":1,"minecraft:stick":14,"minecraft:torch":5,"naturalist:duck_spawn_egg":4,"minecraft:golden_shovel":7,"twilightforest:fiery_pickaxe":10,"minecraft:stone_brick_slab":21,"minecraft:wooden_axe":15,"iceandfire:copper_axe":3,"minecraft:beef":1,"luminousworld:savannah_soil":17,"tombstone:gift":8,"minecraft:iron_leggings":1,"minecraft:cooked_mutton":6,"minecraft:water_bucket":3,"minecraft:rabbit":2,"minecraft:iron_golem_spawn_egg":12,"minecraft:cracked_stone_bricks":6,"minecraft:salmon":1,"twilightforest:carminite_golem_spawn_egg":3,"minecraft:crafting_table":6,"quark:acacia_chest":6,"minecraft:cod":2,"minecraft:chicken":1,"minecraft:iron_pickaxe":204,"earthmobsmod:melon_golem_spawn_egg":3,"eeeabsmobs:immortal_golem_egg":1,"minecraft:stone_axe":132,"minecraft:cobblestone":12,"aether:gravitite_boots":1,"minecraft:cooked_porkchop":1,"eeeabsmobs:corpse_villager_egg":1,"minecraft:bucket":5,"minecraft:yellow_bed":1,"alexsmobs:animal_dictionary":1},"minecraft:mined":{"minecraft:cobblestone_stairs":1,"minecraft:jungle_leaves":9,"minecraft:granite":3,"minecraft:acacia_log":51,"luminousworld:bao_bob_wood":11,"minecraft:grass_block":8,"luminousworld:savanna_grass_2":13,"minecraft:iron_ore":28,"supplementaries:stick":4,"luminousworld:tall_deadbush":4,"minecraft:poppy":1,"minecraft:melon":8,"minecraft:cobblestone":4,"minecraft:sugar_cane":2,"minecraft:wall_torch":8,"minecraft:jungle_wood":2,"luminousworld:clovers_1":2,"minecraft:wheat":2,"luminousworld:bao_bob_log":76,"minecraft:smooth_stone_slab":8,"minecraft:grass":227,"minecraft:oak_log":5,"minecraft:acacia_fence":2,"minecraft:sand":1,"minecraft:dirt":1,"luminousworld:grassvariant_3":4,"luminousworld:savannah_grass_4":19,"minecraft:oak_leaves":12,"minecraft:deepslate":5,"luminousworld:savannah_ground":2,"alexscaves:spelunkery_table":1,"iceandfire:silver_ore":7,"luminousworld:grassvariant_4":12,"minecraft:candle":1,"luminousworld:blue_petunias":2,"minecraft:glow_lichen":1,"minecraft:lever":1,"luminousworld:clovers_4":2,"luminousworld:grassvariant_2":17,"luminousworld:clovers_2":3,"quark:acacia_chest":1,"minecraft:furnace":2,"luminousworld:yellow_grassflowers":1,"minecraft:andesite":17,"minecraft:vine":1,"luminousworld:groundpebbles_2":1,"luminousworld:clovers_3":1,"minecraft:stone":160,"minecraft:bone_block":7,"luminousworld:savannah_soil":51,"minecraft:acacia_leaves":6,"minecraft:redstone_block":2,"minecraft:stone_brick_slab":2,"minecraft:crafting_table":5,"minecraft:cornflower":1,"luminousworld:savannah_grass_1":11,"minecraft:diorite":14,"minecraft:birch_leaves":1,"minecraft:yellow_bed":1,"minecraft:coal_ore":130,"luminousworld:clovers_5":1,"luminousworld:ishstone":7,"minecraft:cocoa":1,"minecraft:gravel":9,"minecraft:cobweb":15,"minecraft:cracked_stone_bricks":9,"minecraft:stone_bricks":8,"luminousworld:elephant_grass":4,"minecraft:mossy_stone_bricks":8,"minecraft:fern":70},"minecraft:broken":{"minecraft:iron_chestplate":1,"minecraft:iron_leggings":1,"minecraft:stone_pickaxe":1,"minecraft:wooden_sword":1,"iceandfire:armor_copper_metal_helmet":1,"minecraft:iron_helmet":1},"minecraft:killed":{"naturalist:zebra":2,"born_in_chaos_v1:zombie_clown":1,"born_in_chaos_v1:restless_spirit":1,"iceandfire:gorgon":1,"minecraft:spider":1,"undead_revamp2:thesmoker":2,"minecraft:skeleton":4,"minecraft:chicken":7,"born_in_chaos_v1:firelight_not_despawn":1,"minecraft:pig":4,"undead_revamp2:theheavy":1,"minecraft:sheep":5,"minecraft:trader_llama":2,"luminousworld:savannah_skeleton":1,"minecraft:zombie":3,"born_in_chaos_v1:corpse_fly":1,"bettermobs:capivara":1,"naturalist:tortoise":1,"born_in_chaos_v1:maggot":1,"minecraft:husk":2,"enemyexpansion:sprinter":1,"minecraft:wandering_trader":1,"born_in_chaos_v1:decrepit_skeleton":2,"alexsmobs:gazelle":2},"minecraft:picked_up":{"minecraft:wheat":65,"minecraft:chainmail_boots":1,"minecraft:lead":1,"aether:iron_gloves":1,"minecraft:golden_shovel":1,"minecraft:stone_brick_stairs":2,"tombstone:grave_key":1,"born_in_chaos_v1:black_argillite":1,"alexsmobs:gazelle_horn":3,"minecraft:string":8,"minecraft:smooth_stone_slab":8,"minecraft:melon_slice":40,"minecraft:furnace":1,"minecraft:stick":8,"born_in_chaos_v1:shattered_skull":1,"minecraft:acacia_fence":1,"minecraft:torch":13,"minecraft:acacia_log":50,"luminousworld:savannah_soil":54,"minecraft:porkchop":6,"iceandfire:crackled_gravel":2,"tombstone:grave_dust":1,"minecraft:diorite":47,"born_in_chaos_v1:nightmare_claw":1,"minecraft:stone_sword":1,"minecraft:rotten_flesh":34,"luminousworld:yellow_grassflowers":1,"luminousworld:tall_deadbush":1,"supplementaries:ash":8,"minecraft:cod":2,"minecraft:cobblestone":238,"minecraft:birch_log":9,"luminousworld:savannah_ground":2,"minecraft:feather":9,"minecraft:andesite":25,"minecraft:jungle_wood":2,"minecraft:flint":2,"minecraft:dirt":32,"minecraft:bone":18,"minecraft:acacia_planks":192,"minecraft:bow":1,"minecraft:wheat_seeds":200,"minecraft:raw_gold":3,"luminousworld:elephant_grass":8,"minecraft:mossy_stone_bricks":15,"minecraft:rabbit":2,"minecraft:bamboo":6,"minecraft:sand":1,"naturalist:duck_egg":3,"undead_revamp2:heavytooth":1,"born_in_chaos_v1:fire_dust":1,"minecraft:soul_lantern":1,"minecraft:lever":2,"minecraft:chainmail_helmet":1,"minecraft:bread":2,"iceandfire:gorgon_head":1,"luminousworld:bao_bob_log":73,"iceandfire:raw_silver":7,"minecraft:cocoa_beans":3,"luminousworld:groundpebbles_1":4,"minecraft:crafting_table":6,"minecraft:chicken":8,"minecraft:wooden_pickaxe":2,"luminousworld:bao_bob_wood":32,"minecraft:chain":1,"minecraft:shield":2,"twilightforest:fiery_sword":2,"minecraft:cornflower":2,"minecraft:wooden_sword":1,"born_in_chaos_v1:intoxicating_decoction":2,"minecraft:cracked_stone_bricks":13,"twilightforest:fiery_pickaxe":1,"minecraft:beef":2,"minecraft:poppy":3,"minecraft:light_gray_wool":1,"minecraft:sugar_cane":5,"minecraft:egg":2,"minecraft:raw_iron":31,"minecraft:stone":2,"luminousworld:blue_petunias":2,"minecraft:carrot":1,"minecraft:dark_oak_planks":1,"luminousworld:baobab_plank":5,"minecraft:arrow":2,"quark:acacia_chest":1,"alexscaves:spelunkery_table":1,"minecraft:mutton":5,"minecraft:white_wool":5,"iceandfire:dragonegg_green":4,"minecraft:salmon":1,"luminousworld:ishstone":12,"minecraft:leather":3,"alexsmobs:acacia_blossom":2,"minecraft:oak_log":7,"minecraft:yellow_bed":1,"minecraft:cobblestone_stairs":2,"minecraft:cooked_mutton":4,"minecraft:stone_bricks":6,"minecraft:iron_ingot":3,"minecraft:stone_pickaxe":4,"minecraft:cooked_chicken":1,"tombstone:bag_of_seeds":1,"luminousworld:white_petunias":2,"minecraft:iron_sword":1,"minecraft:acacia_sapling":2,"iceandfire:copper_nugget":26,"luminousworld:clovers_1":13,"minecraft:stone_brick_slab":22,"born_in_chaos_v1:ethereal_spirit":2,"minecraft:amethyst_shard":2,"minecraft:stone_axe":1,"minecraft:coal":129},"minecraft:dropped":{"minecraft:iron_sword":2,"minecraft:oak_log":2,"luminousworld:white_petunias":2,"twilightforest:armor_shard_cluster":1,"born_in_chaos_v1:nightmare_claw":2,"minecraft:leather_helmet":1,"minecraft:flint":1,"minecraft:cobblestone_stairs":1,"minecraft:dirt":17,"luminousworld:bao_bob_wood":32,"minecraft:cornflower":2,"iceandfire:dragonegg_green":1,"minecraft:chain":1,"minecraft:wooden_sword":2,"minecraft:iron_pickaxe":1,"minecraft:birch_log":6,"luminousworld:clovers_1":5,"minecraft:bone":14,"minecraft:stone_axe":1,"minecraft:sugar_cane":5,"alexsmobs:gazelle_horn":3,"aether:gravitite_sword":1,"minecraft:wheat":37,"minecraft:soul_lantern":1,"born_in_chaos_v1:ethereal_spirit":2,"minecraft:rotten_flesh":30,"luminousworld:tall_deadbush":1,"luminousworld:savannah_soil":25,"minecraft:poppy":3,"supplementaries:ash":6,"quark:acacia_ladder":24,"iceandfire:armor_silver_metal_boots":1,"luminousworld:baobab_plank":8,"minecraft:acacia_sapling":2,"minecraft:chainmail_boots":1,"twilightforest:fiery_sword":2,"minecraft:beef":1,"minecraft:acacia_fence":1,"minecraft:egg":2,"minecraft:wheat_seeds":128,"luminousworld:ishstone":11,"minecraft:feather":9,"minecraft:cobblestone":6,"minecraft:jungle_wood":2,"born_in_chaos_v1:black_argillite":1,"minecraft:diorite":44,"tombstone:grave_key":4,"minecraft:wooden_axe":1,"luminousworld:savannah_ground":2,"tombstone:grave_dust":2,"minecraft:acacia_planks":192,"naturalist:duck_egg":1,"twilightforest:fiery_pickaxe":1,"alexsmobs:acacia_blossom":2,"minecraft:stone_sword":1,"minecraft:light_gray_wool":1,"minecraft:stone":1,"minecraft:shield":2,"undead_revamp2:heavytooth":1,"minecraft:diamond_chestplate":1,"minecraft:iron_chestplate":1,"luminousworld:groundpebbles_1":4,"minecraft:andesite":21,"minecraft:mossy_stone_bricks":3,"luminousworld:elephant_grass":8,"minecraft:stone_pickaxe":4,"minecraft:wooden_pickaxe":3}},"DataVersion":3465}