{"stats":{"minecraft:custom":{"minecraft:interact_with_crafting_table":46,"minecraft:open_barrel":31,"minecraft:leave_game":5,"minecraft:time_since_death":20791,"minecraft:sprint_one_cm":1109192,"minecraft:damage_blocked_by_shield":120,"minecraft:drop":283,"minecraft:talked_to_villager":10,"minecraft:play_time":537741,"minecraft:deaths":38,"minecraft:jump":5503,"minecraft:walk_on_water_one_cm":75973,"minecraft:interact_with_furnace":78,"minecraft:play_record":8,"minecraft:traded_with_villager":2,"minecraft:sleep_in_bed":15,"minecraft:damage_dealt":16925,"minecraft:player_kills":1,"minecraft:crouch_one_cm":6082,"tombstone:undead_killed":27,"tombstone:villager_killed":1,"minecraft:mob_kills":85,"minecraft:damage_dealt_resisted":413,"minecraft:climb_one_cm":27275,"minecraft:walk_one_cm":1120425,"minecraft:sneak_time":2589,"minecraft:walk_under_water_one_cm":21939,"minecraft:total_world_time":537741,"minecraft:tune_noteblock":12,"minecraft:time_since_rest":19546,"minecraft:damage_taken":2147483647,"minecraft:trigger_trapped_chest":3,"minecraft:swim_one_cm":74686,"minecraft:fly_one_cm":2155543,"minecraft:open_chest":168,"minecraft:fall_one_cm":139943},"minecraft:used":{"naturalist:cooked_catfish":1,"minecraft:chest":2,"minecraft:shield":3,"minecraft:iron_sword":391,"luminousworld:frost_golem_spawn_egg":2,"minecraft:mutton":1,"minecraft:carrot":1,"minecraft:music_disc_13":2,"minecraft:snowball":16,"iceandfire:dragonegg_green":4,"born_in_chaos_v1:corpse_maggot":1,"minecraft:villager_spawn_egg":22,"minecraft:stone_bricks":92,"supplementaries:ash":140,"minecraft:furnace":6,"naturalist:teddy_bear":11,"luminousworld:clovers_1":4,"minecraft:mossy_stone_bricks":1,"twilightforest:fiery_sword":48,"minecraft:stone_pickaxe":239,"minecraft:oak_planks":3,"minecraft:wooden_pickaxe":45,"twilightforest:steeleaf_sword":14,"naturalist:duck_egg":2,"luminousworld:baobab_plank":32,"born_in_chaos_v1:monster_flesh":1,"minecraft:melon_slice":42,"mutantmonsters:mutant_snow_golem_spawn_egg":4,"minecraft:wooden_sword":123,"minecraft:andesite":1,"minecraft:tropical_fish_bucket":2,"minecraft:experience_bottle":2,"minecraft:stone_sword":190,"minecraft:flint_and_steel":6,"minecraft:tropical_fish":1,"born_in_chaos_v1:ethereal_spirit":12,"luminousworld:bao_bob_log":7,"minecraft:wooden_shovel":95,"minecraft:cooked_salmon":6,"minecraft:cooked_chicken":8,"minecraft:stick":14,"minecraft:torch":14,"naturalist:duck_spawn_egg":4,"iceandfire:pixie_dust":1,"minecraft:golden_shovel":7,"minecraft:granite":9,"twilightforest:fiery_pickaxe":10,"minecraft:stone_brick_slab":21,"minecraft:wooden_axe":78,"iceandfire:copper_axe":3,"minecraft:beef":1,"luminousworld:savannah_soil":17,"tombstone:gift":8,"minecraft:iron_leggings":1,"minecraft:brown_bed":1,"minecraft:cooked_mutton":6,"minecraft:water_bucket":3,"minecraft:rabbit":2,"minecraft:iron_golem_spawn_egg":12,"minecraft:cracked_stone_bricks":9,"minecraft:salmon":1,"twilightforest:carminite_golem_spawn_egg":3,"minecraft:music_disc_cat":6,"minecraft:crafting_table":10,"quark:acacia_chest":6,"minecraft:white_bed":2,"minecraft:cod":2,"minecraft:chicken":1,"minecraft:iron_pickaxe":706,"earthmobsmod:melon_golem_spawn_egg":3,"eeeabsmobs:immortal_golem_egg":1,"minecraft:stone_axe":132,"minecraft:cobblestone":12,"minecraft:porkchop":3,"aether:gravitite_boots":1,"minecraft:cooked_porkchop":3,"eeeabsmobs:corpse_villager_egg":1,"minecraft:bucket":5,"minecraft:yellow_bed":1,"alexsmobs:animal_dictionary":1,"minecraft:jukebox":1},"minecraft:mined":{"minecraft:white_bed":1,"minecraft:cobblestone_stairs":7,"minecraft:jungle_leaves":9,"minecraft:granite":17,"minecraft:acacia_log":51,"luminousworld:bao_bob_wood":11,"minecraft:grass_block":8,"minecraft:jungle_log":12,"luminousworld:savanna_grass_2":13,"minecraft:iron_ore":29,"minecraft:barrel":1,"minecraft:brown_bed":1,"supplementaries:stick":4,"luminousworld:tall_deadbush":4,"minecraft:poppy":1,"minecraft:melon":12,"minecraft:cobblestone":15,"minecraft:sugar_cane":2,"minecraft:wall_torch":8,"minecraft:skeleton_skull":14,"minecraft:jungle_wood":2,"luminousworld:clovers_1":2,"ecologics:seashell":1,"minecraft:birch_log":35,"minecraft:wheat":5,"minecraft:jukebox":1,"luminousworld:bao_bob_log":76,"minecraft:stone_brick_stairs":39,"minecraft:smooth_stone_slab":8,"minecraft:grass":245,"minecraft:oak_log":5,"minecraft:acacia_fence":3,"minecraft:sand":194,"minecraft:dirt":9,"luminousworld:grassvariant_3":7,"minecraft:netherrack":3,"luminousworld:savannah_grass_4":19,"minecraft:oak_leaves":12,"minecraft:deepslate":5,"luminousworld:savannah_ground":2,"alexscaves:spelunkery_table":1,"iceandfire:silver_ore":9,"luminousworld:grassvariant_4":14,"minecraft:candle":1,"luminousworld:blue_petunias":2,"minecraft:glow_lichen":1,"minecraft:lever":1,"luminousworld:clovers_4":2,"luminousworld:grassvariant_2":19,"luminousworld:clovers_2":3,"quark:acacia_chest":1,"ecologics:coconut_log":4,"minecraft:furnace":2,"luminousworld:yellow_grassflowers":1,"minecraft:andesite":17,"minecraft:vine":24,"luminousworld:groundpebbles_2":1,"luminousworld:clovers_3":1,"minecraft:stone":213,"minecraft:bone_block":7,"minecraft:cake":1,"minecraft:oak_slab":2,"luminousworld:savannah_soil":51,"minecraft:acacia_leaves":6,"minecraft:redstone_block":2,"minecraft:stone_brick_slab":2,"minecraft:oak_fence":1,"minecraft:crafting_table":9,"minecraft:cornflower":1,"luminousworld:savannah_grass_1":11,"minecraft:campfire":2,"minecraft:tall_grass":2,"minecraft:diorite":14,"minecraft:cobblestone_wall":12,"minecraft:birch_leaves":3,"minecraft:yellow_bed":1,"minecraft:coal_ore":131,"luminousworld:clovers_5":1,"luminousworld:ishstone":18,"minecraft:cocoa":1,"minecraft:gravel":12,"minecraft:cobweb":15,"minecraft:cracked_stone_bricks":92,"minecraft:stone_bricks":94,"luminousworld:elephant_grass":4,"minecraft:mossy_stone_bricks":160,"minecraft:fern":74},"minecraft:crafted":{"minecraft:oak_planks":12,"aether:iron_ring":1,"minecraft:cooked_chicken":7,"minecraft:stone":110,"minecraft:cooked_mutton":4,"quark:acacia_ladder":24,"minecraft:wooden_shovel":2,"minecraft:emerald":2,"minecraft:cooked_porkchop":6,"minecraft:crafting_table":4,"minecraft:wooden_pickaxe":2,"minecraft:iron_helmet":1,"minecraft:birch_planks":12,"minecraft:iron_chestplate":1,"minecraft:shield":1,"minecraft:stick":192,"minecraft:iron_ingot":46,"minecraft:iron_pickaxe":4,"minecraft:stone_sword":2,"minecraft:wooden_sword":2,"minecraft:furnace":5,"quark:acacia_chest":5,"minecraft:stone_pickaxe":2,"iceandfire:armor_silver_metal_boots":1,"iceandfire:silver_ingot":5,"minecraft:iron_sword":1,"minecraft:cooked_salmon":6,"minecraft:stone_axe":1,"minecraft:jungle_planks":20,"aether:iron_gloves":1,"minecraft:wooden_axe":2,"minecraft:iron_leggings":1,"minecraft:white_bed":1,"minecraft:acacia_planks":128,"luminousworld:baobab_plank":264},"minecraft:killed_by":{"undead_revamp2:sucker":1,"undead_revamp2:the_moonflower":2,"minecraft:zombie":1,"born_in_chaos_v1:firelight_not_despawn":1,"enemyexpansion:invisicreeper":1,"minecraft:husk":3,"minecraft:player":1,"minecraft:iron_golem":1,"born_in_chaos_v1:zombie_clown":1,"enemyexpansion:vampire":1,"iceandfire:gorgon":4,"minecraft:skeleton":2,"iceandfire:lightning_dragon":4,"alexsmobs:kangaroo":5,"luminousworld:savannah_zombie":1,"born_in_chaos_v1:maggot":1,"luminousworld:savannah_skeleton":2},"minecraft:picked_up":{"minecraft:wheat":68,"minecraft:chainmail_boots":1,"minecraft:lead":1,"aether:iron_gloves":1,"minecraft:brown_bed":1,"minecraft:golden_shovel":1,"minecraft:stone_brick_stairs":40,"tombstone:grave_key":1,"born_in_chaos_v1:black_argillite":1,"minecraft:music_disc_cat":5,"alexsmobs:gazelle_horn":3,"minecraft:string":11,"minecraft:smooth_stone_slab":8,"minecraft:experience_bottle":2,"minecraft:wooden_shovel":2,"minecraft:melon_slice":59,"ecologics:crab_claw":1,"minecraft:furnace":1,"minecraft:stick":8,"born_in_chaos_v1:shattered_skull":1,"minecraft:jukebox":1,"minecraft:acacia_fence":2,"minecraft:oak_fence":1,"minecraft:torch":16,"minecraft:acacia_log":50,"luminousworld:savannah_soil":54,"minecraft:porkchop":11,"iceandfire:crackled_gravel":2,"tombstone:grave_dust":1,"minecraft:diorite":47,"born_in_chaos_v1:nightmare_claw":1,"minecraft:stone_sword":2,"minecraft:rotten_flesh":42,"luminousworld:yellow_grassflowers":1,"ecologics:coconut_log":3,"luminousworld:tall_deadbush":1,"supplementaries:ash":8,"undead_revamp2:arapholia":2,"minecraft:cod":2,"alexsmobs:flying_fish":3,"minecraft:cobblestone":309,"minecraft:birch_log":44,"luminousworld:savannah_ground":2,"minecraft:feather":11,"minecraft:jungle_log":12,"minecraft:andesite":27,"minecraft:potato":4,"minecraft:jungle_wood":2,"minecraft:flint":3,"minecraft:dirt":35,"minecraft:bone":23,"minecraft:acacia_planks":192,"minecraft:bow":1,"minecraft:wheat_seeds":212,"minecraft:raw_gold":3,"luminousworld:elephant_grass":8,"minecraft:mossy_stone_bricks":141,"minecraft:rabbit":2,"minecraft:bamboo":12,"minecraft:music_disc_13":2,"minecraft:sand":192,"minecraft:barrel":1,"naturalist:duck_egg":3,"undead_revamp2:heavytooth":1,"minecraft:bundle":1,"born_in_chaos_v1:fire_dust":1,"minecraft:soul_lantern":1,"minecraft:lever":2,"minecraft:granite":16,"minecraft:chainmail_helmet":1,"minecraft:bread":2,"iceandfire:gorgon_head":1,"luminousworld:bao_bob_log":73,"minecraft:netherrack":3,"iceandfire:raw_silver":9,"minecraft:charcoal":4,"minecraft:cocoa_beans":3,"luminousworld:groundpebbles_1":4,"minecraft:crafting_table":9,"minecraft:chicken":12,"ecologics:seashell":1,"minecraft:wooden_pickaxe":2,"luminousworld:bao_bob_wood":32,"minecraft:chain":2,"minecraft:shield":2,"twilightforest:fiery_sword":2,"minecraft:cornflower":2,"minecraft:wooden_sword":1,"born_in_chaos_v1:intoxicating_decoction":2,"minecraft:cracked_stone_bricks":79,"twilightforest:fiery_pickaxe":1,"minecraft:beef":2,"minecraft:poppy":3,"minecraft:light_gray_wool":2,"minecraft:sugar_cane":5,"minecraft:birch_sapling":2,"minecraft:egg":2,"minecraft:raw_iron":32,"minecraft:stone":2,"luminousworld:blue_petunias":2,"ecologics:coconut_slice":4,"minecraft:carrot":1,"minecraft:dark_oak_planks":1,"luminousworld:baobab_plank":8,"minecraft:arrow":6,"quark:acacia_chest":1,"alexscaves:spelunkery_table":1,"sophisticatedbackpacks:copper_backpack":1,"minecraft:mutton":18,"minecraft:skeleton_skull":13,"minecraft:white_wool":11,"born_in_chaos_v1:corpse_maggot":1,"iceandfire:dragonegg_green":4,"born_in_chaos_v1:monster_flesh":2,"minecraft:salmon":1,"luminousworld:ishstone":20,"minecraft:leather":3,"alexsmobs:acacia_blossom":2,"minecraft:oak_log":7,"minecraft:yellow_bed":1,"minecraft:cobblestone_wall":21,"minecraft:cobblestone_stairs":9,"minecraft:cooked_mutton":4,"minecraft:stone_bricks":96,"minecraft:iron_ingot":4,"minecraft:stone_pickaxe":4,"minecraft:cooked_chicken":1,"tombstone:bag_of_seeds":1,"luminousworld:white_petunias":2,"minecraft:iron_sword":2,"minecraft:acacia_sapling":2,"minecraft:oak_slab":2,"iceandfire:copper_nugget":58,"luminousworld:clovers_1":13,"minecraft:stone_brick_slab":22,"born_in_chaos_v1:ethereal_spirit":2,"minecraft:gravel":2,"minecraft:amethyst_shard":2,"minecraft:white_bed":1,"minecraft:stone_axe":1,"minecraft:chainmail_leggings":1,"minecraft:melon_seeds":2,"minecraft:coal":133},"minecraft:dropped":{"minecraft:iron_sword":4,"minecraft:oak_log":2,"luminousworld:white_petunias":2,"minecraft:crafting_table":1,"twilightforest:armor_shard_cluster":1,"minecraft:cracked_stone_bricks":6,"born_in_chaos_v1:nightmare_claw":2,"minecraft:leather_helmet":1,"minecraft:flint":2,"minecraft:cobblestone_stairs":1,"born_in_chaos_v1:monster_flesh":1,"minecraft:dirt":20,"luminousworld:bao_bob_wood":32,"minecraft:cornflower":2,"alexsmobs:flying_fish":3,"iceandfire:dragonegg_green":1,"minecraft:chain":2,"minecraft:wooden_sword":2,"minecraft:iron_pickaxe":1,"minecraft:birch_log":6,"luminousworld:clovers_1":5,"minecraft:bone":14,"minecraft:stone_axe":1,"minecraft:sugar_cane":5,"alexsmobs:gazelle_horn":3,"aether:gravitite_sword":1,"minecraft:wheat":37,"undead_revamp2:arapholia":2,"minecraft:soul_lantern":1,"born_in_chaos_v1:ethereal_spirit":2,"tombstone:gift":1,"ecologics:coconut_log":3,"minecraft:rotten_flesh":41,"luminousworld:tall_deadbush":1,"luminousworld:savannah_soil":25,"minecraft:poppy":3,"supplementaries:ash":7,"quark:acacia_ladder":24,"iceandfire:armor_silver_metal_boots":1,"luminousworld:baobab_plank":72,"minecraft:melon_seeds":2,"minecraft:acacia_sapling":2,"minecraft:chainmail_boots":1,"twilightforest:fiery_sword":2,"minecraft:beef":1,"iceandfire:armor_copper_metal_leggings":1,"minecraft:acacia_fence":2,"minecraft:netherrack":2,"minecraft:egg":2,"minecraft:wheat_seeds":140,"luminousworld:ishstone":11,"minecraft:feather":9,"minecraft:cobblestone":6,"minecraft:jungle_wood":2,"ecologics:crab_claw":1,"born_in_chaos_v1:black_argillite":1,"minecraft:diorite":44,"iceandfire:copper_nugget":22,"tombstone:grave_key":4,"minecraft:wooden_axe":1,"luminousworld:savannah_ground":2,"tombstone:grave_dust":2,"minecraft:string":2,"minecraft:acacia_planks":216,"naturalist:duck_egg":1,"twilightforest:fiery_pickaxe":1,"alexsmobs:acacia_blossom":2,"minecraft:stone_sword":2,"minecraft:cobblestone_wall":14,"minecraft:light_gray_wool":1,"minecraft:stone":1,"minecraft:shield":2,"undead_revamp2:heavytooth":1,"minecraft:diamond_chestplate":1,"minecraft:iron_chestplate":1,"luminousworld:groundpebbles_1":4,"minecraft:andesite":21,"minecraft:mossy_stone_bricks":15,"minecraft:wooden_shovel":2,"luminousworld:elephant_grass":8,"minecraft:stone_pickaxe":4,"minecraft:wooden_pickaxe":3},"minecraft:broken":{"minecraft:wooden_shovel":1,"minecraft:iron_chestplate":1,"minecraft:iron_leggings":1,"minecraft:stone_pickaxe":1,"minecraft:wooden_sword":1,"minecraft:wooden_axe":1,"iceandfire:armor_copper_metal_helmet":1,"minecraft:iron_pickaxe":2,"minecraft:iron_helmet":1},"minecraft:killed":{"naturalist:zebra":2,"born_in_chaos_v1:zombie_clown":1,"born_in_chaos_v1:restless_spirit":2,"iceandfire:gorgon":1,"minecraft:spider":1,"undead_revamp2:thesmoker":2,"minecraft:skeleton":7,"minecraft:chicken":7,"ecologics:coconut_crab":1,"born_in_chaos_v1:firelight_not_despawn":1,"minecraft:parrot":1,"minecraft:pig":5,"undead_revamp2:theheavy":1,"luminousworld:crab":1,"minecraft:sheep":14,"minecraft:trader_llama":2,"luminousworld:savannah_skeleton":1,"minecraft:zombie":5,"born_in_chaos_v1:dread_hound":1,"born_in_chaos_v1:corpse_fly":3,"bettermobs:capivara":1,"enemyexpansion:direwolf":2,"naturalist:tortoise":1,"born_in_chaos_v1:maggot":1,"alexsmobs:flying_fish":1,"minecraft:husk":2,"born_in_chaos_v1:baby_skeleton":1,"undead_revamp2:the_moonflower":2,"enemyexpansion:sprinter":2,"minecraft:wandering_trader":1,"born_in_chaos_v1:decrepit_skeleton":2,"alexsmobs:gazelle":2,"minecraft:enderman":1}},"DataVersion":3465}