{"stats":{"minecraft:custom":{"minecraft:interact_with_furnace":50,"minecraft:mob_kills":9,"minecraft:interact_with_crafting_table":10,"minecraft:open_barrel":3,"minecraft:damage_dealt_resisted":20,"minecraft:leave_game":1,"minecraft:time_since_death":13778,"minecraft:sleep_in_bed":2,"minecraft:climb_one_cm":3265,"minecraft:time_since_rest":13564,"minecraft:sprint_one_cm":75000,"minecraft:damage_taken":825,"minecraft:walk_one_cm":302968,"minecraft:damage_dealt":1814,"minecraft:swim_one_cm":13427,"minecraft:fly_one_cm":18427,"minecraft:open_chest":19,"minecraft:deaths":2,"minecraft:crouch_one_cm":255,"minecraft:play_time":106698,"tombstone:undead_killed":6,"minecraft:sneak_time":251,"minecraft:walk_under_water_one_cm":21692,"minecraft:jump":278,"minecraft:walk_on_water_one_cm":42210,"minecraft:total_world_time":106698,"minecraft:fall_one_cm":5594},"minecraft:used":{"minecraft:cooked_mutton":2,"minecraft:iron_sword":45,"minecraft:cracked_stone_bricks":3,"minecraft:stick":9,"minecraft:torch":69,"minecraft:dirt":3,"minecraft:granite":2,"minecraft:iron_axe":28,"minecraft:iron_pickaxe":1164,"tombstone:grave_key":1,"minecraft:stone_bricks":627,"minecraft:cobblestone":4,"tombstone:gift":2},"minecraft:mined":{"alexscaves:spelunkery_table":1,"minecraft:oak_slab":2,"iceandfire:silver_ore":2,"minecraft:mossy_cobblestone":1,"minecraft:cobblestone_stairs":6,"minecraft:torch":8,"minecraft:granite":13,"minecraft:chiseled_bookshelf":1,"minecraft:blast_furnace":1,"minecraft:grass_block":1,"born_in_chaos_v1:black_argillite":2,"minecraft:cobblestone":42,"luminousworld:baobab_plank":20,"minecraft:lapis_ore":10,"minecraft:diorite":36,"minecraft:sandstone":2,"minecraft:wall_torch":7,"minecraft:skeleton_skull":2,"minecraft:magma_block":1,"minecraft:cobblestone_wall":7,"minecraft:iron_ore":5,"minecraft:andesite":4,"minecraft:stone_brick_stairs":16,"supplementaries:stick":7,"minecraft:grass":1,"minecraft:bookshelf":2,"minecraft:coal_ore":44,"luminousworld:ishstone":7,"minecraft:vine":12,"minecraft:dirt":9,"minecraft:cobweb":7,"minecraft:cracked_stone_bricks":181,"minecraft:stone":495,"minecraft:stone_bricks":23,"minecraft:stonecutter":1,"minecraft:polished_andesite":1,"minecraft:mossy_stone_bricks":241},"minecraft:crafted":{"minecraft:stone":497,"minecraft:shield":1,"minecraft:iron_axe":1,"minecraft:stick":52,"minecraft:iron_ingot":1,"minecraft:iron_pickaxe":5,"minecraft:torch":48,"minecraft:stone_bricks":600},"minecraft:killed_by":{"minecraft:player":1,"undead_revamp2:therod":1},"minecraft:picked_up":{"minecraft:magma_block":1,"born_in_chaos_v1:corpse_maggot":1,"minecraft:andesite":2,"luminousworld:ishstone":8,"minecraft:stone_brick_stairs":12,"minecraft:cobblestone_wall":5,"minecraft:cobblestone_stairs":5,"born_in_chaos_v1:black_argillite":2,"minecraft:lapis_lazuli":60,"minecraft:string":5,"minecraft:dirt":10,"minecraft:acacia_planks":24,"minecraft:stone_bricks":23,"minecraft:cracked_stone_bricks":136,"minecraft:stonecutter":1,"minecraft:mossy_stone_bricks":165,"minecraft:iron_sword":1,"minecraft:book":6,"minecraft:oak_slab":1,"minecraft:stick":9,"minecraft:raw_iron":5,"minecraft:sandstone":2,"minecraft:torch":24,"minecraft:blast_furnace":1,"tombstone:grave_dust":2,"minecraft:diorite":36,"minecraft:mossy_cobblestone":1,"luminousworld:baobab_plank":81,"minecraft:bundle":1,"minecraft:polished_andesite":1,"minecraft:rotten_flesh":6,"minecraft:slime_ball":1,"alexscaves:spelunkery_table":1,"minecraft:granite":11,"minecraft:coal":40,"minecraft:skeleton_skull":2,"iceandfire:raw_silver":2,"minecraft:cobblestone":523},"minecraft:broken":{"minecraft:iron_pickaxe":4},"minecraft:killed":{"undead_revamp2:bomber":1,"enemyexpansion:direwolf":1,"born_in_chaos_v1:maggot":2,"minecraft:zombie":5}},"DataVersion":3465}